filename,width,height,class,xmin,ymin,xmax,ymax
AUT-0001.jpg,3648,2736,bolt_b,1719,1223,1855,1356
AUT-0002.jpg,3648,2736,bolt_b,1909,1645,2231,1965
AUT-0002.jpg,3648,2736,bolt_b,1208,2391,1408,2605
AUT-0003.jpg,3648,2736,bolt_a,1214,1147,1626,1544
AUT-0004.jpg,3648,2736,bolt_a,1551,1039,1917,1384
AUT-0005.jpg,2736,3648,bolt_b,1032,1345,1440,1790
AUT-0005.jpg,2736,3648,vague,1016,2330,1277,2580
AUT-0006.jpg,2736,3648,vague,676,1299,847,1455
AUT-0006.jpg,2736,3648,vague,654,1796,831,1967
AUT-0006.jpg,2736,3648,vague,1796,1878,1975,2055
AUT-0007.jpg,2736,3648,bolt_b,1182,1312,1315,1434
AUT-0007.jpg,2736,3648,bolt_b,1090,1696,1220,1838
AUT-0007.jpg,2736,3648,bolt_c,1620,1207,1694,1353
AUT-0007.jpg,2736,3648,bolt_c,1680,1202,1748,1352
AUT-0007.jpg,2736,3648,vague,851,2446,951,2511
AUT-0008.jpg,2736,3648,bolt_b,871,8,1070,189
AUT-0008.jpg,2736,3648,bolt_b,989,705,1214,936
AUT-0008.jpg,2736,3648,bolt_b,1028,1166,1268,1409
AUT-0009.jpg,2736,3648,bolt_b,1034,1980,1335,2312
AUT-0010.jpg,3648,2736,bolt_a,1906,1120,2223,1423
AUT-0010.jpg,3648,2736,bolt_c,1188,674,1388,802
AUT-0010.jpg,3648,2736,bolt_c,2530,495,2769,648
AUT-0010.jpg,3648,2736,vague,2495,816,2674,916
AUT-0010.jpg,3648,2736,bolt_c,2583,1306,2704,1541
AUT-0011.jpg,3648,2736,bolt_b,1328,985,1558,1236
AUT-0011.jpg,3648,2736,bolt_b,2068,995,2267,1195
AUT-0011.jpg,3648,2736,bolt_c,2493,1362,2744,1600
AUT-0011.jpg,3648,2736,bolt_a,1228,2051,1471,2408
AUT-0011.jpg,3648,2736,vague,1090,2126,1275,2337
AUT-0012.jpg,2736,3648,bolt_b,1055,2117,1332,2393
AUT-0013.jpg,3648,2736,vague,1426,1036,1559,1176
AUT-0013.jpg,3648,2736,vague,2290,1080,2417,1210
AUT-0014.jpg,3648,2736,bolt_b,1300,1130,1482,1311
AUT-0015.jpg,2736,3648,bolt_b,583,2667,784,2861
AUT-0015.jpg,2736,3648,bolt_b,1608,1214,1783,1399
AUT-0015.jpg,2736,3648,bolt_b,2137,429,2315,615
AUT-0016.jpg,3648,2736,bolt_a,2275,1012,2459,1186
AUT-0017.jpg,2736,3648,bolt_b,1178,1648,1330,1807
AUT-0018.jpg,2736,3648,bolt_a,1155,1155,1528,1505
AUT-0018.jpg,2736,3648,bolt_b,1274,1585,1812,2082
AUT-0019.jpg,3648,2736,bolt_b,1921,1245,2002,1308
AUT-0019.jpg,3648,2736,bolt_b,1610,1313,1693,1374
AUT-0019.jpg,3648,2736,bolt_a,2067,2403,2127,2463
AUT-0020.jpg,3648,2736,vague,1831,49,1919,115
AUT-0020.jpg,3648,2736,bolt_a,1788,1238,1911,1346
AUT-0020.jpg,3648,2736,vague,2292,1366,2383,1460
AUT-0021.jpg,3648,2736,bolt_b,1687,1134,2065,1517
AUT-0022.jpg,3648,2736,bolt_b,1724,437,1878,604
AUT-0022.jpg,3648,2736,bolt_b,1663,2142,1814,2291
AUT-0023.jpg,3648,2736,bolt_b,1482,1425,1760,1692
AUT-0023.jpg,3648,2736,bolt_b,2631,1429,2910,1719
AUT-0024.jpg,3648,2736,bolt_b,584,1234,768,1412
AUT-0024.jpg,3648,2736,bolt_b,2737,1200,2926,1369
AUT-0025.jpg,2736,3648,bolt_b,1266,1538,1743,2008
AUT-0026.jpg,3648,2736,vague,1732,429,1792,475
AUT-0026.jpg,3648,2736,vague,1926,419,1984,468
AUT-0026.jpg,3648,2736,vague,1733,1267,1807,1334
AUT-0026.jpg,3648,2736,vague,1956,1264,2037,1331
AUT-0027.jpg,3648,2736,bolt_b,860,1525,1064,1718
AUT-0027.jpg,3648,2736,bolt_b,2686,1553,2874,1743
AUT-0027.jpg,3648,2736,vague,2631,2231,2742,2337
AUT-0027.jpg,3648,2736,vague,2763,2139,2867,2248
AUT-0028.jpg,3648,2736,bolt_a,1797,1161,2044,1406
AUT-0028.jpg,3648,2736,bolt_a,2221,1122,2471,1377
AUT-0029.jpg,3648,2736,bolt_b,849,1976,1054,2174
AUT-0029.jpg,3648,2736,bolt_b,2888,1926,3091,2128
AUT-0030.jpg,2736,3648,bolt_a,869,1285,1129,1556
AUT-0030.jpg,2736,3648,bolt_a,1366,1301,1620,1543
AUT-0030.jpg,2736,3648,bolt_a,903,1850,1143,2089
AUT-0030.jpg,2736,3648,bolt_a,1385,1854,1617,2096
AUT-0031.jpg,2736,3648,bolt_b,742,1798,951,2007
AUT-0031.jpg,2736,3648,bolt_b,1164,1781,1366,1994
AUT-0031.jpg,2736,3648,bolt_b,1163,2225,1372,2432
AUT-0031.jpg,2736,3648,bolt_b,768,2246,972,2449
AUT-0032.jpg,3648,2736,bolt_b,2406,1751,2723,2065
AUT-0033.jpg,3648,2736,bolt_a,1474,1302,1851,1682
AUT-0033.jpg,3648,2736,bolt_a,2243,1240,2600,1574
AUT-0034.jpg,3648,2736,bolt_b,1420,985,1797,1348
AUT-0035.jpg,3648,2736,bolt_a,1686,1029,1948,1317
AUT-0035.jpg,3648,2736,bolt_a,2334,1017,2616,1330
AUT-0035.jpg,3648,2736,bolt_a,2308,1597,2601,1878
AUT-0035.jpg,3648,2736,bolt_a,1652,1605,1941,1878
AUT-0036.jpg,3648,2736,vague,338,1869,412,1954
AUT-0036.jpg,3648,2736,vague,331,2000,409,2079
AUT-0036.jpg,3648,2736,vague,470,1832,535,1918
AUT-0036.jpg,3648,2736,vague,471,1955,540,2037
AUT-0036.jpg,3648,2736,bolt_a,2100,1051,2380,1304
AUT-0037.jpg,3648,2736,bolt_b,1732,1534,2009,1795
AUT-0038.jpg,3648,2736,bolt_b,1714,1135,1999,1416
AUT-0039.jpg,3648,2736,bolt_a,1749,846,1979,1076
AUT-0040.jpg,3648,2736,bolt_a,1944,1236,2285,1544
AUT-0041.jpg,2736,3648,vague,979,1271,1043,1346
AUT-0041.jpg,2736,3648,vague,1425,1070,1507,1156
AUT-0042.jpg,2736,3648,bolt_b,1021,1231,1299,1520
AUT-0043.jpg,2736,3648,bolt_b,1328,1493,1589,1755
AUT-0044.jpg,2736,3648,bolt_a,1053,1489,1276,1710
AUT-0045.jpg,3648,2736,bolt_b,1051,808,1654,1411
AUT-0046.jpg,3648,2736,bolt_b,1532,1249,1838,1535
AUT-0047.jpg,2736,3648,bolt_b,1155,1560,1410,1828
AUT-0048.jpg,3648,2736,bolt_b,772,778,989,944
AUT-0048.jpg,3648,2736,bolt_b,2433,702,2651,874
AUT-0049.jpg,3648,2736,bolt_a,2335,1442,2519,1637
AUT-0049.jpg,3648,2736,bolt_a,1776,1925,1987,2122
AUT-0050.jpg,2736,3648,bolt_b,1376,1469,1430,1520
AUT-0050.jpg,2736,3648,bolt_b,1147,1491,1211,1541
AUT-0050.jpg,2736,3648,bolt_b,1488,2994,1533,3042
AUT-0050.jpg,2736,3648,vague,1193,2321,1236,2359
AUT-0050.jpg,2736,3648,vague,1411,2280,1456,2319
AUT-0051.jpg,2736,3648,bolt_b,1344,1682,1428,1772
AUT-0051.jpg,2736,3648,bolt_b,1293,870,1343,927
AUT-0051.jpg,2736,3648,bolt_b,918,924,980,980
AUT-0052.jpg,2736,3648,bolt_a,1321,301,1458,423
AUT-0052.jpg,2736,3648,bolt_a,1379,2539,1507,2683
AUT-0053.jpg,2736,3648,bolt_a,1349,1682,1485,1822
AUT-0054.jpg,3648,2736,bolt_a,830,1011,992,1171
AUT-0054.jpg,3648,2736,bolt_a,1221,937,1365,1080
AUT-0054.jpg,3648,2736,bolt_a,1672,1082,1796,1204
AUT-0054.jpg,3648,2736,bolt_a,2353,1533,2475,1662
AUT-0055.jpg,2736,3648,bolt_b,722,785,877,942
AUT-0055.jpg,2736,3648,bolt_b,982,1998,1117,2126
AUT-0056.jpg,3648,2736,bolt_b,1422,1383,1593,1544
AUT-0056.jpg,3648,2736,bolt_b,2244,1336,2421,1497
AUT-0057.jpg,3648,2736,bolt_a,697,1003,898,1194
AUT-0057.jpg,3648,2736,bolt_a,2033,573,2215,764
AUT-0057.jpg,3648,2736,bolt_b,2801,681,2995,880
AUT-0057.jpg,3648,2736,bolt_b,2916,1231,3105,1402
AUT-0057.jpg,3648,2736,bolt_a,2350,1690,2523,1845
AUT-0057.jpg,3648,2736,bolt_a,1159,2071,1327,2234
AUT-0058.jpg,2736,3648,bolt_a,1047,2123,1165,2244
AUT-0058.jpg,2736,3648,bolt_a,1079,2481,1189,2593
AUT-0058.jpg,2736,3648,bolt_a,1432,2431,1544,2547
AUT-0058.jpg,2736,3648,bolt_a,1416,2082,1534,2211
AUT-0059.jpg,2736,3648,bolt_a,122,1846,263,1982
AUT-0059.jpg,2736,3648,bolt_a,257,2185,379,2308
AUT-0059.jpg,2736,3648,bolt_a,1496,1476,1621,1624
AUT-0059.jpg,2736,3648,bolt_a,1582,1826,1713,1954
AUT-0059.jpg,2736,3648,bolt_b,2213,1685,2338,1805
AUT-0059.jpg,2736,3648,bolt_a,1446,3026,1577,3157
AUT-0059.jpg,2736,3648,bolt_a,1925,2779,2104,2958
AUT-0059.jpg,2736,3648,bolt_b,2183,2751,2357,2929
AUT-0059.jpg,2736,3648,bolt_b,2339,1930,2492,2088
AUT-0060.jpg,2736,3648,bolt_b,325,1878,654,2175
AUT-0060.jpg,2736,3648,bolt_b,1742,1830,2041,2136
AUT-0061.jpg,2736,3648,bolt_b,1021,1704,1302,1983
AUT-0062.jpg,3648,2736,vague,1007,1741,1207,1940
AUT-0062.jpg,3648,2736,vague,1239,1211,1446,1425
AUT-0062.jpg,3648,2736,vague,1753,965,1955,1156
AUT-0062.jpg,3648,2736,vague,2252,1084,2458,1282
AUT-0062.jpg,3648,2736,vague,1167,2249,1375,2442
AUT-0063.jpg,3648,2736,bolt_a,582,712,897,1028
AUT-0063.jpg,3648,2736,bolt_a,593,1480,897,1769
AUT-0063.jpg,3648,2736,bolt_a,1775,1643,2073,1936
AUT-0063.jpg,3648,2736,bolt_a,1786,475,2087,788
AUT-0063.jpg,3648,2736,bolt_a,2962,762,3278,1046
AUT-0063.jpg,3648,2736,bolt_a,2934,1507,3245,1791
AUT-0063.jpg,3648,2736,bolt_c,2851,1901,3219,2121
AUT-0063.jpg,3648,2736,bolt_c,2274,2116,2788,2433
AUT-0063.jpg,3648,2736,bolt_c,1120,2090,1541,2383
AUT-0063.jpg,3648,2736,bolt_c,493,1890,881,2144
AUT-0064.jpg,3648,2736,bolt_b,851,663,1192,979
AUT-0064.jpg,3648,2736,bolt_b,1250,1267,1615,1614
AUT-0064.jpg,3648,2736,bolt_b,2125,1429,2502,1795
AUT-0064.jpg,3648,2736,bolt_b,2815,1044,3142,1347
AUT-0064.jpg,3648,2736,vague,1204,1702,1308,1803
AUT-0064.jpg,3648,2736,vague,1670,2503,1800,2635
AUT-0064.jpg,3648,2736,vague,2505,1915,2615,2028
AUT-0065.jpg,2736,3648,bolt_b,636,1141,1025,1517
AUT-0065.jpg,2736,3648,bolt_b,441,2098,896,2587
AUT-0066.jpg,3648,2736,bolt_b,1023,908,1594,1462
AUT-0067.jpg,2736,3648,bolt_b,861,917,1268,1350
AUT-0067.jpg,2736,3648,bolt_b,275,1905,975,2421
AUT-0067.jpg,2736,3648,bolt_b,1183,1221,1761,1591
AUT-0067.jpg,2736,3648,vague,1506,3366,1803,3638
AUT-0068.jpg,2736,3648,bolt_b,578,1197,1132,1612
AUT-0068.jpg,2736,3648,bolt_b,1585,1605,2274,2205
AUT-0068.jpg,2736,3648,bolt_b,855,689,1258,1093
AUT-0068.jpg,2736,3648,vague,812,3285,1135,3628
AUT-0069.jpg,2736,3648,bolt_b,1430,541,1776,912
AUT-0069.jpg,2736,3648,bolt_b,970,1214,1359,1578
AUT-0069.jpg,2736,3648,bolt_b,1226,2117,1625,2513
AUT-0069.jpg,2736,3648,bolt_b,2034,2629,2399,2984
AUT-0070.jpg,2736,3648,bolt_b,1176,1301,1356,1499
AUT-0070.jpg,2736,3648,bolt_a,1746,725,1919,924
AUT-0070.jpg,2736,3648,bolt_b,1930,825,2207,1116
AUT-0070.jpg,2736,3648,bolt_b,1463,1321,1802,1664
AUT-0070.jpg,2736,3648,bolt_b,1653,2374,2068,2795
AUT-0071.jpg,3648,2736,bolt_b,1575,1169,1830,1435
AUT-0071.jpg,3648,2736,bolt_a,2517,878,2847,1168
AUT-0071.jpg,3648,2736,bolt_c,2743,602,2899,935
AUT-0072.jpg,3648,2736,bolt_b,598,1401,877,1685
AUT-0072.jpg,3648,2736,bolt_b,2623,1091,2904,1376
AUT-0073.jpg,2736,3648,bolt_b,660,1268,825,1428
AUT-0073.jpg,2736,3648,bolt_b,535,1909,724,2104
AUT-0073.jpg,2736,3648,bolt_b,1991,2213,2169,2386
AUT-0073.jpg,2736,3648,bolt_b,1924,1489,2077,1646
AUT-0073.jpg,2736,3648,bolt_c,1852,3026,2054,3114
AUT-0074.jpg,3648,2736,bolt_b,451,702,746,939
AUT-0074.jpg,3648,2736,bolt_b,946,779,1188,1013
AUT-0074.jpg,3648,2736,bolt_b,1379,797,1634,1013
AUT-0074.jpg,3648,2736,bolt_b,2006,797,2251,1039
AUT-0074.jpg,3648,2736,bolt_b,2458,776,2716,1023
AUT-0074.jpg,3648,2736,bolt_b,2932,704,3213,962
AUT-0075.jpg,3648,2736,bolt_b,931,1691,1119,1872
AUT-0075.jpg,3648,2736,bolt_b,2442,1432,2614,1600
AUT-0076.jpg,2736,3648,bolt_a,1058,605,1412,928
AUT-0076.jpg,2736,3648,bolt_a,1235,1105,1582,1470
AUT-0076.jpg,2736,3648,bolt_a,1035,1578,1366,1912
AUT-0076.jpg,2736,3648,bolt_a,1158,2262,1466,2566
AUT-0077.jpg,2736,3648,bolt_b,979,1901,1063,1986
AUT-0077.jpg,2736,3648,bolt_b,1247,1932,1344,2033
AUT-0077.jpg,2736,3648,bolt_b,991,2080,1075,2149
AUT-0077.jpg,2736,3648,bolt_b,997,2219,1087,2290
AUT-0077.jpg,2736,3648,bolt_b,979,1715,1056,1791
AUT-0077.jpg,2736,3648,bolt_b,977,1574,1051,1654
AUT-0077.jpg,2736,3648,bolt_b,1484,1890,1575,1980
AUT-0077.jpg,2736,3648,bolt_b,1490,2066,1566,2144
AUT-0077.jpg,2736,3648,bolt_b,1491,2212,1569,2286
AUT-0077.jpg,2736,3648,bolt_b,1481,1711,1556,1786
AUT-0077.jpg,2736,3648,bolt_b,1485,1573,1561,1648
AUT-0078.jpg,3648,2736,bolt_a,2343,1845,2760,2211
AUT-0078.jpg,3648,2736,bolt_b,2274,445,3083,1228
AUT-0079.jpg,2736,3648,bolt_b,262,1170,434,1343
AUT-0079.jpg,2736,3648,bolt_b,771,1833,936,1992
AUT-0079.jpg,2736,3648,bolt_b,492,2521,641,2678
AUT-0079.jpg,2736,3648,bolt_a,2164,1345,2334,1540
AUT-0079.jpg,2736,3648,bolt_a,2424,1356,2610,1522
AUT-0080.jpg,3648,2736,bolt_b,1078,498,1261,688
AUT-0080.jpg,3648,2736,bolt_b,621,1307,822,1476
AUT-0080.jpg,3648,2736,bolt_b,1172,2014,1333,2187
AUT-0080.jpg,3648,2736,bolt_b,1610,2359,1726,2476
AUT-0080.jpg,3648,2736,bolt_b,1969,2465,2080,2580
AUT-0080.jpg,3648,2736,bolt_b,2306,1746,2430,1885
AUT-0080.jpg,3648,2736,bolt_b,2454,1178,2567,1299
AUT-0080.jpg,3648,2736,bolt_b,2312,641,2434,778
AUT-0081.jpg,3648,2736,bolt_b,707,190,883,374
AUT-0081.jpg,3648,2736,bolt_b,289,948,474,1098
AUT-0081.jpg,3648,2736,bolt_b,809,1644,972,1802
AUT-0081.jpg,3648,2736,bolt_b,870,2304,992,2433
AUT-0081.jpg,3648,2736,bolt_b,1260,2011,1369,2120
AUT-0081.jpg,3648,2736,bolt_b,1718,2603,1830,2721
AUT-0081.jpg,3648,2736,bolt_b,1632,2161,1747,2278
AUT-0081.jpg,3648,2736,bolt_b,2147,1513,2291,1658
AUT-0081.jpg,3648,2736,bolt_b,2388,940,2515,1066
AUT-0081.jpg,3648,2736,bolt_b,2170,344,2317,490
AUT-0082.jpg,3648,2736,bolt_b,934,57,1208,334
AUT-0082.jpg,3648,2736,bolt_b,1733,648,1902,814
AUT-0082.jpg,3648,2736,bolt_b,2349,860,2514,1014
AUT-0082.jpg,3648,2736,bolt_b,2518,1489,2677,1644
AUT-0082.jpg,3648,2736,bolt_b,1365,1769,1555,1950
AUT-0082.jpg,3648,2736,bolt_b,1219,1112,1391,1282
AUT-0083.jpg,3648,2736,bolt_b,1984,1028,2253,1294
AUT-0084.jpg,2736,3648,bolt_a,661,1042,868,1222
AUT-0084.jpg,2736,3648,bolt_a,1485,943,1703,1143
AUT-0084.jpg,2736,3648,bolt_a,1741,2510,1966,2754
AUT-0084.jpg,2736,3648,bolt_a,690,2638,934,2908
AUT-0085.jpg,2736,3648,bolt_a,1091,1090,1377,1403
AUT-0085.jpg,2736,3648,bolt_a,1234,2545,1521,2858
AUT-0086.jpg,3648,2736,bolt_a,825,1213,1072,1441
AUT-0086.jpg,3648,2736,bolt_a,1362,1193,1597,1411
AUT-0086.jpg,3648,2736,bolt_a,1867,1183,2097,1376
AUT-0086.jpg,3648,2736,bolt_a,2376,1162,2611,1367
AUT-0086.jpg,3648,2736,vague,665,2499,823,2637
AUT-0086.jpg,3648,2736,vague,2356,2285,2503,2423
AUT-0086.jpg,3648,2736,vague,2899,2059,3059,2219
AUT-0086.jpg,3648,2736,bolt_b,3120,1492,3311,1689
AUT-0087.jpg,3648,2736,bolt_a,240,599,468,805
AUT-0087.jpg,3648,2736,bolt_a,720,579,923,775
AUT-0087.jpg,3648,2736,bolt_a,1168,574,1356,758
AUT-0087.jpg,3648,2736,bolt_c,57,278,361,447
AUT-0087.jpg,3648,2736,bolt_c,616,271,876,444
AUT-0087.jpg,3648,2736,bolt_c,1105,271,1348,432
AUT-0087.jpg,3648,2736,bolt_c,1586,270,1799,426
AUT-0087.jpg,3648,2736,bolt_a,1593,546,1775,730
AUT-0087.jpg,3648,2736,bolt_b,1916,598,2062,762
AUT-0087.jpg,3648,2736,bolt_b,2438,572,2625,759
AUT-0087.jpg,3648,2736,bolt_b,2373,1372,2554,1552
AUT-0087.jpg,3648,2736,bolt_b,1891,1749,2033,1889
AUT-0088.jpg,2736,3648,bolt_b,968,1557,1046,1639
AUT-0088.jpg,2736,3648,bolt_b,972,1699,1049,1774
AUT-0088.jpg,2736,3648,bolt_b,968,1883,1051,1970
AUT-0088.jpg,2736,3648,bolt_b,979,2054,1064,2141
AUT-0088.jpg,2736,3648,bolt_b,976,2200,1078,2280
AUT-0088.jpg,2736,3648,bolt_b,1474,2195,1560,2275
AUT-0088.jpg,2736,3648,bolt_b,1469,2052,1555,2132
AUT-0088.jpg,2736,3648,bolt_b,1470,1875,1566,1966
AUT-0088.jpg,2736,3648,bolt_b,1465,1701,1552,1777
AUT-0088.jpg,2736,3648,bolt_b,1472,1554,1552,1633
AUT-0088.jpg,2736,3648,bolt_b,1229,1911,1336,2018
AUT-0089.jpg,3648,2736,bolt_a,1380,937,1754,1302
AUT-0090.jpg,3648,2736,bolt_b,5,1069,132,1216
AUT-0090.jpg,3648,2736,bolt_b,1397,1090,1534,1220
AUT-0090.jpg,3648,2736,bolt_b,1673,1081,1810,1214
AUT-0090.jpg,3648,2736,bolt_b,1958,1089,2089,1216
AUT-0090.jpg,3648,2736,bolt_b,2222,1066,2357,1199
AUT-0090.jpg,3648,2736,bolt_b,1692,1877,1813,2002
AUT-0090.jpg,3648,2736,bolt_b,2207,1877,2326,2007
AUT-0090.jpg,3648,2736,bolt_b,2218,2183,2304,2279
AUT-0090.jpg,3648,2736,bolt_b,1433,1884,1554,2003
AUT-0090.jpg,3648,2736,bolt_c,89,580,318,744
AUT-0091.jpg,2736,3648,bolt_a,1082,1605,1420,1957
AUT-0092.jpg,3648,2736,vague,822,171,901,255
AUT-0092.jpg,3648,2736,bolt_a,1276,833,1405,958
AUT-0092.jpg,3648,2736,bolt_a,702,1582,834,1693
AUT-0092.jpg,3648,2736,bolt_a,965,1615,1089,1736
AUT-0092.jpg,3648,2736,vague,880,1863,1003,1978
AUT-0092.jpg,3648,2736,bolt_a,1918,1893,2137,2101
AUT-0092.jpg,3648,2736,bolt_a,2067,734,2207,868
AUT-0092.jpg,3648,2736,bolt_a,2960,911,3122,1065
AUT-0093.jpg,3648,2736,bolt_a,1813,1319,1995,1509
AUT-0094.jpg,2736,3648,bolt_b,1110,728,1550,1201
AUT-0094.jpg,2736,3648,bolt_b,1078,2471,1529,2947
AUT-0095.jpg,3648,2736,bolt_a,1991,1305,2360,1671
AUT-0095.jpg,3648,2736,bolt_b,3331,155,3594,402
AUT-0096.jpg,2736,3648,bolt_a,1312,1409,1593,1735
AUT-0096.jpg,2736,3648,bolt_a,1343,2047,1620,2409
AUT-0096.jpg,2736,3648,bolt_c,1693,2666,2258,3039
AUT-0097.jpg,2736,3648,bolt_b,1143,112,1397,389
AUT-0097.jpg,2736,3648,bolt_b,1185,2132,1493,2439
AUT-0098.jpg,3648,2736,bolt_b,898,1319,1056,1442
AUT-0098.jpg,3648,2736,bolt_a,1302,1259,1463,1404
AUT-0098.jpg,3648,2736,bolt_a,2684,1191,2849,1341
AUT-0099.jpg,2736,3648,bolt_b,965,1405,1230,1686
AUT-0099.jpg,2736,3648,bolt_b,894,2149,1177,2425
AUT-0100.jpg,1678,1677,vague,613,555,666,605
AUT-0100.jpg,1678,1677,bolt_a,622,727,669,775
AUT-0100.jpg,1678,1677,bolt_a,625,892,672,942
AUT-0100.jpg,1678,1677,bolt_a,958,890,1007,937
AUT-0100.jpg,1678,1677,bolt_a,958,718,1008,769
AUT-0100.jpg,1678,1677,vague,954,553,1006,602
AUT-0101.jpg,1733,1733,vague,1050,651,1100,692
AUT-0102.jpg,2476,2476,bolt_a,1351,594,1428,665
AUT-0102.jpg,2476,2476,bolt_a,1370,1219,1442,1297
AUT-0102.jpg,2476,2476,bolt_c,991,716,1030,781
AUT-0102.jpg,2476,2476,bolt_c,996,1277,1038,1346
AUT-0102.jpg,2476,2476,bolt_c,1667,680,1704,747
AUT-0102.jpg,2476,2476,bolt_c,1677,1267,1716,1337
AUT-0103.jpg,878,823,vague,354,83,408,133
AUT-0103.jpg,878,823,vague,337,523,387,570
AUT-0103.jpg,878,823,bolt_c,126,110,158,158
AUT-0103.jpg,878,823,bolt_c,602,128,628,176
AUT-0103.jpg,878,823,bolt_c,115,527,148,575
AUT-0103.jpg,878,823,bolt_c,590,535,618,592
AUT-0104.jpg,698,667,bolt_c,280,200,348,251
AUT-0104.jpg,698,667,vague,439,300,480,340
AUT-0104.jpg,698,667,vague,459,345,496,384
AUT-0104.jpg,698,667,vague,584,201,623,239
AUT-0104.jpg,698,667,vague,618,233,662,271
AUT-0105.jpg,696,632,vague,164,304,190,333
AUT-0105.jpg,696,632,vague,205,265,235,295
AUT-0105.jpg,696,632,vague,272,266,298,292
AUT-0105.jpg,696,632,vague,313,305,340,332
AUT-0106.jpg,642,623,vague,178,350,199,369
AUT-0106.jpg,642,623,vague,216,323,238,345
AUT-0106.jpg,642,623,vague,268,326,290,348
AUT-0106.jpg,642,623,bolt_c,403,72,420,104
AUT-0106.jpg,642,623,bolt_c,410,408,432,442
AUT-0107.jpg,833,687,vague,276,305,304,333
AUT-0107.jpg,833,687,vague,316,267,340,294
AUT-0107.jpg,833,687,vague,379,266,404,294
AUT-0107.jpg,833,687,vague,425,305,453,329
AUT-0108.jpg,2736,3648,bolt_b,1052,1494,1366,1816
AUT-0108.jpg,2736,3648,bolt_b,978,2334,1304,2660
AUT-0109.jpg,3648,2736,bolt_b,911,1308,1180,1554
AUT-0109.jpg,3648,2736,bolt_a,949,985,1077,1117
AUT-0109.jpg,3648,2736,bolt_a,2484,952,2621,1090
AUT-0110.jpg,2736,3648,bolt_a,1012,1842,1355,2219
AUT-0111.jpg,3648,2736,bolt_a,1166,1123,1548,1525
AUT-0111.jpg,3648,2736,bolt_a,2606,1194,2986,1591
AUT-0112.jpg,2736,3648,bolt_b,1038,1812,1390,2147
AUT-0112.jpg,2736,3648,bolt_b,1040,3007,1405,3401
AUT-0113.jpg,3648,2736,bolt_b,851,1348,1103,1602
AUT-0113.jpg,3648,2736,bolt_b,2628,1345,2900,1611
AUT-0114.jpg,2736,3648,bolt_b,583,1771,962,2164
AUT-0115.jpg,2736,3648,bolt_a,918,1775,974,1830
AUT-0115.jpg,2736,3648,bolt_a,941,2081,994,2140
AUT-0115.jpg,2736,3648,bolt_c,732,2152,810,2200
AUT-0115.jpg,2736,3648,bolt_b,1338,2152,1429,2242
AUT-0115.jpg,2736,3648,bolt_b,1367,2656,1450,2739
AUT-0115.jpg,2736,3648,bolt_c,1408,1447,1468,1539
AUT-0116.jpg,2736,3648,bolt_b,990,2000,1276,2291
AUT-0117.jpg,3648,2736,bolt_b,1816,1136,1973,1296
AUT-0118.jpg,3648,2736,bolt_b,2016,1311,2345,1629
AUT-0119.jpg,3648,2736,bolt_b,1318,346,1720,751
AUT-0119.jpg,3648,2736,bolt_b,2325,812,2720,1223
AUT-0119.jpg,3648,2736,bolt_b,874,1390,1274,1767
AUT-0119.jpg,3648,2736,bolt_b,1897,1804,2258,2195
AUT-0120.jpg,3648,2736,bolt_b,1531,841,1797,1155
AUT-0120.jpg,3648,2736,bolt_b,2393,836,2675,1144
AUT-0120.jpg,3648,2736,bolt_b,1542,1592,1799,1896
AUT-0120.jpg,3648,2736,bolt_c,301,445,442,556
AUT-0120.jpg,3648,2736,vague,1562,458,1711,627
AUT-0121.jpg,2736,3648,bolt_b,1255,959,1642,1358
AUT-0121.jpg,2736,3648,bolt_b,1266,1980,1594,2344
AUT-0122.jpg,3648,2736,bolt_b,894,1345,1383,1848
AUT-0122.jpg,3648,2736,bolt_b,2491,1254,2994,1751
AUT-0123.jpg,3648,2736,bolt_b,959,1509,1182,1708
AUT-0123.jpg,3648,2736,bolt_b,2779,1240,3005,1467
AUT-0124.jpg,2736,3648,bolt_b,1066,1175,1362,1482
AUT-0124.jpg,2736,3648,bolt_b,1285,2650,1590,2963
AUT-0125.jpg,2736,3648,bolt_a,820,2165,1062,2422
AUT-0126.jpg,3648,2736,bolt_b,1988,753,2160,934
AUT-0126.jpg,3648,2736,bolt_b,2058,1386,2244,1588
AUT-0127.jpg,3648,2736,bolt_b,2026,1025,2203,1197
AUT-0127.jpg,3648,2736,bolt_b,2086,1642,2288,1837
AUT-0128.jpg,3648,2736,bolt_b,1551,1297,2148,1857
AUT-0129.jpg,2736,3648,bolt_b,1328,1829,1635,2159
AUT-0130.jpg,3648,2736,bolt_a,1099,971,1448,1339
AUT-0131.jpg,3648,2736,bolt_a,1336,1163,1558,1375
AUT-0131.jpg,3648,2736,bolt_a,1371,1930,1589,2168
AUT-0131.jpg,3648,2736,bolt_a,2242,1075,2458,1290
AUT-0131.jpg,3648,2736,bolt_a,2296,1874,2522,2103
AUT-0131.jpg,3648,2736,bolt_a,1793,1486,2055,1764
AUT-0132.jpg,3648,2736,bolt_b,694,1213,968,1479
AUT-0132.jpg,3648,2736,bolt_b,1962,1282,2254,1562
AUT-0133.jpg,2736,3648,bolt_a,931,666,1535,1281
AUT-0133.jpg,2736,3648,bolt_a,1024,1962,1535,2485
AUT-0134.jpg,3648,2736,bolt_b,442,371,936,853
AUT-0134.jpg,3648,2736,bolt_b,742,1459,1231,1948
AUT-0134.jpg,3648,2736,bolt_b,2768,1368,3294,1851
AUT-0135.jpg,2736,3648,bolt_b,750,750,990,997
AUT-0135.jpg,2736,3648,bolt_b,1134,1114,1360,1355
AUT-0135.jpg,2736,3648,bolt_b,1094,2763,1307,2991
AUT-0135.jpg,2736,3648,bolt_b,1502,2443,1734,2670
AUT-0136.jpg,2736,3648,bolt_b,1339,846,1727,1250
AUT-0136.jpg,2736,3648,bolt_b,1258,1646,1624,1985
AUT-0136.jpg,2736,3648,bolt_b,1166,2416,1550,2800
AUT-0137.jpg,3648,2736,bolt_b,1282,308,1576,619
AUT-0137.jpg,3648,2736,bolt_b,2068,451,2385,771
AUT-0137.jpg,3648,2736,bolt_b,1202,796,1514,1079
AUT-0137.jpg,3648,2736,bolt_b,1934,1062,2225,1365
AUT-0138.jpg,3648,2736,bolt_b,1645,936,2114,1373
AUT-0139.jpg,2736,3648,bolt_b,1131,1493,1508,1858
AUT-0140.jpg,3648,2736,bolt_b,746,1519,958,1730
AUT-0140.jpg,3648,2736,bolt_b,2616,1558,2850,1763
AUT-0141.jpg,3648,2736,bolt_b,854,1125,1271,1471
AUT-0141.jpg,3648,2736,bolt_b,2379,1102,2794,1448
AUT-0141.jpg,3648,2736,bolt_b,865,1565,1274,1933
AUT-0141.jpg,3648,2736,bolt_b,2436,1531,2822,1882
AUT-0142.jpg,3648,2736,bolt_a,1222,1065,1771,1608
AUT-0143.jpg,3648,2736,bolt_b,882,1004,1052,1172
AUT-0143.jpg,3648,2736,bolt_b,2404,1446,2593,1634
AUT-0144.jpg,3648,2736,bolt_b,684,1494,948,1740
AUT-0144.jpg,3648,2736,bolt_b,2360,1526,2603,1776
AUT-0145.jpg,2736,3648,bolt_b,1265,1419,1538,1694
AUT-0146.jpg,2736,3648,bolt_a,780,1222,1480,1912
AUT-0147.jpg,2736,3648,bolt_b,673,1780,1059,2146
AUT-0148.jpg,2736,3648,bolt_b,862,865,1257,1286
AUT-0148.jpg,2736,3648,bolt_b,1052,2877,1449,3312
AUT-0149.jpg,3648,2736,bolt_b,148,480,517,822
AUT-0149.jpg,3648,2736,bolt_b,780,438,1146,777
AUT-0149.jpg,3648,2736,bolt_b,1439,445,1778,782
AUT-0149.jpg,3648,2736,bolt_b,2289,401,2637,734
AUT-0149.jpg,3648,2736,bolt_b,2913,398,3272,717
AUT-0150.jpg,3648,2736,bolt_b,114,697,475,1036
AUT-0150.jpg,3648,2736,bolt_b,727,690,1045,999
AUT-0150.jpg,3648,2736,bolt_b,1287,694,1601,996
AUT-0150.jpg,3648,2736,bolt_b,2041,644,2361,950
AUT-0150.jpg,3648,2736,bolt_b,2587,638,2928,930
AUT-0150.jpg,3648,2736,bolt_b,3132,610,3485,920
AUT-0151.jpg,3648,2736,bolt_b,1624,886,1782,1041
AUT-0151.jpg,3648,2736,bolt_b,2107,918,2262,1079
AUT-0151.jpg,3648,2736,bolt_b,1364,1278,1515,1439
AUT-0151.jpg,3648,2736,bolt_b,1579,1690,1730,1846
AUT-0151.jpg,3648,2736,bolt_b,2045,1713,2198,1877
AUT-0151.jpg,3648,2736,bolt_b,2306,1338,2464,1501
AUT-0152.jpg,3648,2736,bolt_b,558,1844,807,2075
AUT-0152.jpg,3648,2736,bolt_b,987,1847,1237,2069
AUT-0152.jpg,3648,2736,bolt_b,1420,1831,1680,2068
AUT-0152.jpg,3648,2736,bolt_b,2043,1820,2275,2054
AUT-0152.jpg,3648,2736,bolt_b,2916,1830,3193,2074
AUT-0152.jpg,3648,2736,bolt_b,2478,1830,2727,2073
AUT-0153.jpg,3648,2736,bolt_b,1303,602,1501,793
AUT-0153.jpg,3648,2736,bolt_b,1747,389,1939,597
AUT-0153.jpg,3648,2736,bolt_b,1069,1019,1277,1217
AUT-0153.jpg,3648,2736,bolt_b,1137,1474,1346,1672
AUT-0153.jpg,3648,2736,bolt_b,1476,1798,1651,1998
AUT-0153.jpg,3648,2736,bolt_b,1910,1870,2087,2076
AUT-0153.jpg,3648,2736,bolt_b,2308,1693,2504,1885
AUT-0153.jpg,3648,2736,bolt_b,2542,1307,2746,1512
AUT-0153.jpg,3648,2736,bolt_b,2508,859,2727,1041
AUT-0153.jpg,3648,2736,bolt_b,2211,486,2417,701
AUT-0153.jpg,3648,2736,bolt_a,1953,915,2036,1007
AUT-0153.jpg,3648,2736,bolt_a,2158,1132,2236,1213
AUT-0153.jpg,3648,2736,bolt_a,2078,1410,2156,1490
AUT-0153.jpg,3648,2736,bolt_a,1797,1483,1875,1563
AUT-0153.jpg,3648,2736,bolt_a,1593,1284,1672,1364
AUT-0153.jpg,3648,2736,bolt_a,1665,996,1746,1078
AUT-0154.jpg,2736,3648,bolt_a,1070,2437,1366,2730
AUT-0155.jpg,2736,3648,bolt_a,620,1470,903,1755
AUT-0156.jpg,3648,2736,bolt_a,1426,1658,1786,2034
AUT-0157.jpg,3648,2736,bolt_a,589,2071,894,2347
AUT-0157.jpg,3648,2736,bolt_a,2735,2046,2985,2330
AUT-0157.jpg,3648,2736,vague,2791,538,2962,718
AUT-0157.jpg,3648,2736,bolt_b,507,512,706,718
AUT-0158.jpg,3648,2736,bolt_b,1833,1102,2173,1436
AUT-0159.jpg,2736,3648,bolt_a,1021,1410,1326,1696
AUT-0160.jpg,3648,2736,bolt_b,1683,1179,1885,1391
AUT-0160.jpg,3648,2736,bolt_b,2264,1200,2492,1425
AUT-0160.jpg,3648,2736,bolt_b,2356,707,2585,938
AUT-0161.jpg,3648,2736,bolt_b,1462,1048,1916,1539
AUT-0162.jpg,3648,2736,bolt_c,1636,1151,1781,1366
AUT-0162.jpg,3648,2736,bolt_b,847,1207,1031,1387
AUT-0162.jpg,3648,2736,bolt_b,2636,1105,2819,1273
AUT-0163.jpg,3648,2736,bolt_b,483,1031,868,1400
AUT-0163.jpg,3648,2736,bolt_b,2511,1140,2871,1471
AUT-0164.jpg,2736,3648,bolt_b,1261,1505,1393,1635
AUT-0165.jpg,3648,2736,bolt_b,646,1029,826,1197
AUT-0165.jpg,3648,2736,bolt_b,2996,1217,3161,1380
AUT-0166.jpg,2736,3648,bolt_b,583,1341,761,1505
AUT-0166.jpg,2736,3648,bolt_b,647,2308,816,2468
AUT-0166.jpg,2736,3648,bolt_c,529,1862,598,1970
AUT-0167.jpg,3648,2736,bolt_a,341,735,476,873
AUT-0167.jpg,3648,2736,bolt_a,362,893,508,1018
AUT-0167.jpg,3648,2736,bolt_b,491,1172,717,1374
AUT-0167.jpg,3648,2736,bolt_a,516,1517,649,1630
AUT-0167.jpg,3648,2736,bolt_b,1348,657,1538,836
AUT-0167.jpg,3648,2736,bolt_a,1571,597,1728,745
AUT-0167.jpg,3648,2736,bolt_a,1756,584,1916,744
AUT-0167.jpg,3648,2736,bolt_c,1940,846,2044,1027
AUT-0167.jpg,3648,2736,bolt_c,1692,858,1793,1059
AUT-0167.jpg,3648,2736,bolt_c,1540,871,1642,1070
AUT-0167.jpg,3648,2736,bolt_a,2466,549,2632,704
AUT-0167.jpg,3648,2736,bolt_a,2605,1041,2810,1257
AUT-0167.jpg,3648,2736,bolt_b,3113,1032,3281,1216
AUT-0167.jpg,3648,2736,bolt_a,3360,507,3522,668
AUT-0167.jpg,3648,2736,bolt_a,3289,864,3451,1019
AUT-0167.jpg,3648,2736,bolt_c,3309,1033,3400,1215
AUT-0168.jpg,2736,3648,bolt_b,925,1550,1232,1845
AUT-0168.jpg,2736,3648,bolt_c,5,1679,320,1953
AUT-0169.jpg,2736,3648,bolt_a,493,1859,1016,2397
AUT-0169.jpg,2736,3648,bolt_a,1589,1789,2151,2320
AUT-0170.jpg,2736,3648,bolt_b,563,980,717,1151
AUT-0170.jpg,2736,3648,bolt_b,618,2852,753,2993
AUT-0170.jpg,2736,3648,bolt_b,1588,1030,1746,1184
AUT-0170.jpg,2736,3648,bolt_b,1478,2848,1615,2985
AUT-0171.jpg,3648,2736,bolt_b,1762,1306,1906,1458
AUT-0172.jpg,2736,3648,bolt_b,333,1404,596,1656
AUT-0172.jpg,2736,3648,bolt_b,276,1661,557,1919
AUT-0172.jpg,2736,3648,bolt_b,1764,1592,2120,1942
AUT-0172.jpg,2736,3648,bolt_b,1747,1250,2090,1585
AUT-0173.jpg,3648,2736,bolt_b,814,1503,1048,1735
AUT-0173.jpg,3648,2736,bolt_b,3031,1483,3278,1733
AUT-0174.jpg,3648,2736,bolt_b,1813,1541,2216,1948
AUT-0175.jpg,3648,2736,bolt_b,1450,1153,1760,1440
AUT-0175.jpg,3648,2736,bolt_b,2940,2216,3245,2525
AUT-0176.jpg,2736,3648,bolt_b,1233,414,1606,782
AUT-0176.jpg,2736,3648,bolt_b,1340,2728,1683,3119
AUT-0177.jpg,2736,3648,bolt_b,1022,1525,1442,1958
AUT-0178.jpg,2736,3648,bolt_b,1187,1213,1397,1437
AUT-0178.jpg,2736,3648,bolt_b,1232,1653,1434,1892
AUT-0179.jpg,3648,2736,bolt_b,1236,1174,1384,1327
AUT-0179.jpg,3648,2736,bolt_b,2101,1145,2249,1297
AUT-0179.jpg,3648,2736,bolt_b,2761,1726,2872,1845
AUT-0180.jpg,2736,3648,bolt_b,753,1966,1048,2262
AUT-0181.jpg,3648,2736,bolt_b,2572,979,2953,1344
AUT-0182.jpg,2736,3648,bolt_a,870,501,1820,1351
AUT-0183.jpg,2736,3648,bolt_a,797,1632,1183,2016
AUT-0183.jpg,2736,3648,bolt_b,823,2382,1172,2715
AUT-0184.jpg,2736,3648,bolt_b,996,1642,1223,1873
AUT-0184.jpg,2736,3648,bolt_b,1330,199,1737,623
AUT-0185.jpg,2736,3648,bolt_b,1010,1136,1208,1332
AUT-0186.jpg,2736,3648,bolt_b,896,1612,1162,1905
AUT-0187.jpg,3648,2736,bolt_b,1589,1058,1986,1488
AUT-0188.jpg,3648,2736,bolt_a,1048,900,1402,1251
AUT-0188.jpg,3648,2736,bolt_a,2292,869,2644,1192
AUT-0189.jpg,3648,2736,bolt_b,1428,1140,1725,1419
AUT-0189.jpg,3648,2736,bolt_b,1661,1956,1910,2214
AUT-0189.jpg,3648,2736,bolt_b,2221,839,2477,1088
AUT-0190.jpg,3648,2736,bolt_b,1520,984,1795,1253
AUT-0190.jpg,3648,2736,bolt_b,2640,1236,2945,1529
AUT-0190.jpg,3648,2736,bolt_c,2788,1909,3079,2155
AUT-0191.jpg,3648,2736,bolt_a,479,937,795,1218
AUT-0191.jpg,3648,2736,bolt_b,2669,1274,3000,1609
AUT-0191.jpg,3648,2736,bolt_c,2411,104,2709,320
AUT-0191.jpg,3648,2736,bolt_c,1146,20,1472,225
AUT-0192.jpg,3648,2736,bolt_a,923,1039,1144,1250
AUT-0192.jpg,3648,2736,bolt_a,2562,1063,2805,1294
AUT-0193.jpg,3648,2736,bolt_b,1784,1311,1879,1404
AUT-0194.jpg,3648,2736,bolt_b,1506,751,2080,1300
AUT-0194.jpg,3648,2736,vague,131,1968,417,2237
AUT-0195.jpg,3648,2736,bolt_b,1051,1071,1534,1548
AUT-0196.jpg,3648,2736,bolt_b,1039,932,1288,1156
AUT-0196.jpg,3648,2736,bolt_b,2256,942,2495,1186
AUT-0197.jpg,2736,3648,bolt_b,633,411,800,565
AUT-0197.jpg,2736,3648,bolt_b,573,1649,729,1802
AUT-0197.jpg,2736,3648,bolt_b,1640,3089,1818,3273
AUT-0197.jpg,2736,3648,bolt_c,1310,743,1408,789
AUT-0198.jpg,2736,3648,bolt_b,1928,1657,2183,1897
AUT-0199.jpg,3648,2736,bolt_a,1687,1144,2002,1470
AUT-0200.jpg,2736,3648,bolt_b,1074,1491,1267,1685
AUT-0200.jpg,2736,3648,bolt_b,1105,2498,1308,2710
AUT-0201.jpg,2736,3648,bolt_b,1086,660,1342,917
AUT-0201.jpg,2736,3648,bolt_b,805,1936,1058,2175
AUT-0202.jpg,2736,3648,bolt_a,1497,980,1803,1308
AUT-0202.jpg,2736,3648,bolt_a,1445,1738,1741,2050
AUT-0203.jpg,2736,3648,bolt_a,718,1459,1089,1793
AUT-0203.jpg,2736,3648,bolt_a,1556,2093,1777,2315
AUT-0204.jpg,3648,2736,bolt_b,1574,869,1882,1168
CAD-0001.jpg,1175,859,bolt_a,599,7,798,195
CAD-0001.jpg,1175,859,bolt_a,230,268,451,483
CAD-0001.jpg,1175,859,bolt_a,423,410,649,633
CAD-0001.jpg,1175,859,bolt_a,782,126,985,322
CAD-0002.jpg,1197,881,bolt_a,365,306,427,374
CAD-0002.jpg,1197,881,bolt_a,523,233,584,294
CAD-0002.jpg,1197,881,bolt_a,673,158,736,219
CAD-0002.jpg,1197,881,bolt_a,322,424,385,488
CAD-0002.jpg,1197,881,bolt_a,337,536,398,600
CAD-0002.jpg,1197,881,bolt_a,396,617,459,679
CAD-0002.jpg,1197,881,bolt_a,496,654,556,713
CAD-0002.jpg,1197,881,bolt_b,876,313,946,384
CAD-0002.jpg,1197,881,bolt_b,972,634,1038,698
CAD-0002.jpg,1197,881,bolt_a,820,87,879,148
CAD-0002.jpg,1197,881,bolt_a,907,130,966,190
CAD-0002.jpg,1197,881,bolt_a,956,218,1013,277
CAD-0003.jpg,1135,876,bolt_b,308,234,399,332
CAD-0003.jpg,1135,876,bolt_b,495,126,585,221
CAD-0003.jpg,1135,876,bolt_b,310,476,405,571
CAD-0003.jpg,1135,876,bolt_b,505,592,599,685
CAD-0004.jpg,1614,1004,bolt_b,457,71,604,218
CAD-0004.jpg,1614,1004,bolt_b,227,272,384,429
CAD-0004.jpg,1614,1004,bolt_b,499,602,638,740
CAD-0004.jpg,1614,1004,bolt_b,697,421,831,551
CAD-0004.jpg,1614,1004,bolt_a,976,333,1097,447
CAD-0004.jpg,1614,1004,bolt_a,866,439,986,553
CAD-0004.jpg,1614,1004,bolt_a,729,731,854,861
CAD-0004.jpg,1614,1004,bolt_a,853,835,981,970
CAD-0004.jpg,1614,1004,bolt_a,849,617,971,743
CAD-0004.jpg,1614,1004,bolt_a,963,504,1089,626
CAD-0004.jpg,1614,1004,bolt_a,1078,391,1200,514
CAD-0004.jpg,1614,1004,bolt_a,1211,476,1340,605
CAD-0004.jpg,1614,1004,bolt_a,1091,592,1219,726
CAD-0004.jpg,1614,1004,bolt_a,968,712,1104,850
CAD-0005.jpg,1050,830,bolt_b,312,280,434,393
CAD-0005.jpg,1050,830,bolt_b,415,150,524,265
CAD-0005.jpg,1050,830,bolt_b,558,151,664,262
CAD-0005.jpg,1050,830,bolt_b,323,460,442,573
CAD-0005.jpg,1050,830,bolt_b,443,574,550,691
CAD-0005.jpg,1050,830,bolt_b,583,562,692,672
CAD-0006.jpg,1106,856,bolt_b,404,114,539,248
CAD-0006.jpg,1106,856,bolt_b,572,361,710,503
CAD-0006.jpg,1106,856,bolt_b,357,585,496,718
CAD-0007.jpg,487,558,bolt_b,336,231,453,343
CAD-0008.jpg,1093,841,bolt_a,285,190,381,295
CAD-0008.jpg,1093,841,bolt_a,494,175,597,283
CAD-0008.jpg,1093,841,bolt_a,634,376,732,484
CAD-0008.jpg,1093,841,bolt_a,553,573,648,676
CAD-0009.jpg,1160,843,bolt_a,410,340,512,446
CAD-0009.jpg,1160,843,bolt_a,607,348,709,454
CAD-0009.jpg,1160,843,bolt_a,802,356,900,463
CAD-0009.jpg,1160,843,bolt_a,985,370,1088,473
CAD-0009.jpg,1160,843,bolt_a,377,584,480,688
CAD-0009.jpg,1160,843,bolt_a,571,591,669,694
CAD-0009.jpg,1160,843,bolt_a,761,599,860,702
CAD-0009.jpg,1160,843,bolt_a,941,609,1041,707
CAD-0010.jpg,1022,645,bolt_c,134,430,262,517
CAD-0010.jpg,1022,645,bolt_c,412,368,497,429
CAD-0010.jpg,1022,645,bolt_c,761,386,849,442
CAD-0010.jpg,1022,645,bolt_c,667,468,803,550
CAD-0011.jpg,948,750,bolt_a,183,194,298,304
CAD-0011.jpg,948,750,bolt_a,367,290,472,405
CAD-0011.jpg,948,750,bolt_a,573,411,661,509
CAD-0011.jpg,948,750,bolt_a,741,500,841,612
CAD-0012.jpg,849,632,bolt_c,122,87,287,295
CAD-0012.jpg,849,632,bolt_c,379,221,544,439
CAD-0013.jpg,1161,949,bolt_b,599,409,718,528
CAD-0013.jpg,1161,949,bolt_b,378,755,487,870
CAD-0013.jpg,1161,949,bolt_b,932,195,1038,303
CAD-0014.jpg,1115,933,bolt_b,347,457,465,570
CAD-0014.jpg,1115,933,bolt_b,687,217,796,330
CAD-0014.jpg,1115,933,bolt_a,464,232,577,350
CAD-0014.jpg,1115,933,bolt_a,457,640,566,752
CAD-0015.jpg,1122,826,bolt_b,296,210,403,325
CAD-0015.jpg,1122,826,bolt_b,655,154,759,267
CAD-0015.jpg,1122,826,bolt_b,366,555,468,672
CAD-0015.jpg,1122,826,bolt_b,718,515,818,628
CAD-0016.jpg,996,791,bolt_b,398,288,485,381
CAD-0016.jpg,996,791,bolt_b,619,352,709,447
CAD-0017.jpg,1318,621,bolt_b,499,149,587,244
CAD-0017.jpg,1318,621,bolt_b,548,66,634,157
CAD-0017.jpg,1318,621,bolt_b,671,103,758,194
CAD-0017.jpg,1318,621,bolt_b,781,132,865,230
CAD-0017.jpg,1318,621,bolt_b,627,189,718,287
CAD-0017.jpg,1318,621,bolt_b,737,223,825,321
CAD-0017.jpg,1318,621,bolt_b,446,242,537,338
CAD-0017.jpg,1318,621,bolt_b,578,283,671,381
CAD-0017.jpg,1318,621,bolt_b,398,335,490,439
CAD-0017.jpg,1318,621,bolt_b,528,380,619,479
WEB-0001.jpg,1500,1997,bolt_b,807,1373,1070,1636
WEB-0001.jpg,1500,1997,bolt_c,703,562,816,660
WEB-0001.jpg,1500,1997,bolt_c,783,943,982,1075
WEB-0001.jpg,1500,1997,bolt_c,965,777,1064,840
WEB-0002.jpg,691,634,bolt_b,246,94,314,165
WEB-0002.jpg,691,634,bolt_b,337,106,403,175
WEB-0002.jpg,691,634,bolt_b,170,177,244,251
WEB-0002.jpg,691,634,bolt_b,169,303,243,376
WEB-0002.jpg,691,634,bolt_b,239,390,310,459
WEB-0002.jpg,691,634,bolt_b,336,388,397,452
WEB-0003.jpg,800,500,bolt_a,282,80,340,140
WEB-0003.jpg,800,500,bolt_a,299,372,354,424
WEB-0004.jpg,600,600,bolt_a,455,271,537,349
WEB-0004.jpg,600,600,bolt_a,292,261,366,335
WEB-0004.jpg,600,600,bolt_a,177,300,242,361
WEB-0004.jpg,600,600,bolt_a,107,358,168,416
WEB-0004.jpg,600,600,vague,2,514,37,552
WEB-0004.jpg,600,600,bolt_a,90,513,141,561
WEB-0004.jpg,600,600,bolt_a,82,434,138,486
WEB-0004.jpg,600,600,vague,10,567,50,598
WEB-0004.jpg,600,600,vague,52,228,85,258
WEB-0004.jpg,600,600,vague,50,174,83,206
WEB-0004.jpg,600,600,bolt_a,61,124,91,157
WEB-0004.jpg,600,600,bolt_a,85,86,120,118
WEB-0004.jpg,600,600,bolt_a,129,60,163,96
WEB-0004.jpg,600,600,bolt_a,185,56,221,93
WEB-0004.jpg,600,600,bolt_a,249,76,288,118
WEB-0004.jpg,600,600,bolt_a,316,123,351,157
WEB-0004.jpg,600,600,vague,423,46,455,79
WEB-0004.jpg,600,600,vague,476,84,507,115
WEB-0004.jpg,600,600,vague,557,32,582,59
WEB-0005.jpg,768,768,bolt_a,133,276,196,337
WEB-0005.jpg,768,768,bolt_a,327,297,394,365
WEB-0005.jpg,768,768,bolt_a,589,318,650,380
WEB-0005.jpg,768,768,bolt_a,711,407,763,473
WEB-0006.jpg,640,480,bolt_a,248,207,365,335
WEB-0006.jpg,640,480,vague,397,88,481,191
WEB-0006.jpg,640,480,vague,542,240,601,300
WEB-0007.jpg,640,480,bolt_a,115,234,224,355
WEB-0008.jpg,800,600,bolt_b,336,5,429,110
WEB-0008.jpg,800,600,bolt_b,388,287,482,386
WEB-0008.jpg,800,600,bolt_b,455,184,558,295
WEB-0008.jpg,800,600,bolt_b,659,314,747,407
WEB-0008.jpg,800,600,bolt_b,728,229,798,324
WEB-0008.jpg,800,600,bolt_a,2,187,66,277
WEB-0008.jpg,800,600,bolt_a,583,113,657,201
WEB-0009.jpg,574,450,bolt_b,38,309,99,370
WEB-0009.jpg,574,450,bolt_b,242,159,340,263
WEB-0009.jpg,574,450,bolt_b,475,145,549,237
WEB-0009.jpg,574,450,bolt_b,235,1,325,93
WEB-0009.jpg,574,450,bolt_b,334,99,402,168
WEB-0010.jpg,640,480,bolt_a,211,203,406,412
WEB-0011.jpg,400,300,bolt_a,156,71,222,131
WEB-0011.jpg,400,300,vague,66,199,102,236
WEB-0012.jpg,1000,800,bolt_b,495,409,551,458
WEB-0012.jpg,1000,800,bolt_b,665,385,715,430
WEB-0012.jpg,1000,800,bolt_b,786,319,838,365
WEB-0012.jpg,1000,800,vague,849,236,895,276
WEB-0012.jpg,1000,800,vague,848,163,889,197
WEB-0012.jpg,1000,800,vague,797,100,839,133
WEB-0012.jpg,1000,800,vague,720,53,757,87
WEB-0012.jpg,1000,800,vague,507,22,549,52
WEB-0012.jpg,1000,800,bolt_b,330,397,381,446
WEB-0012.jpg,1000,800,bolt_b,204,340,252,382
WEB-0012.jpg,1000,800,bolt_b,145,260,195,305
WEB-0012.jpg,1000,800,bolt_b,149,184,195,224
WEB-0012.jpg,1000,800,vague,209,116,251,151
WEB-0012.jpg,1000,800,vague,291,63,331,98
WEB-0012.jpg,1000,800,vague,399,37,434,66
WEB-0013.jpg,800,800,bolt_b,108,251,184,322
WEB-0013.jpg,800,800,bolt_b,329,256,399,323
WEB-0013.jpg,800,800,bolt_b,409,204,484,276
WEB-0013.jpg,800,800,bolt_b,471,166,532,224
WEB-0013.jpg,800,800,bolt_b,633,223,700,290
WEB-0013.jpg,800,800,bolt_b,669,388,738,459
WEB-0013.jpg,800,800,bolt_b,519,500,590,571
WEB-0013.jpg,800,800,bolt_b,403,403,486,480
WEB-0013.jpg,800,800,bolt_b,338,420,407,490
WEB-0013.jpg,800,800,bolt_b,215,515,297,595
WEB-0013.jpg,800,800,bolt_b,82,424,159,498
WEB-0014.jpg,800,1067,bolt_a,221,168,306,261
WEB-0014.jpg,800,1067,bolt_a,246,607,299,656
WEB-0014.jpg,800,1067,bolt_a,250,936,305,987
WEB-0015.jpg,800,533,bolt_b,342,79,444,182
